{
  "version": 1,
  "author": "Ayush Hood",
  "editor": "wokwi",
  "parts": [
    { "type": "board-esp32-devkit-c-v4", "id": "esp", "top": 0, "left": -71.96, "attrs": {} },
    { "type": "wokwi-led", "id": "led1", "top": 63.6, "left": 90.2, "attrs": { "color": "blue" } },
    { "type": "wokwi-led", "id": "led2", "top": -22.8, "left": 90.2, "attrs": { "color": "red" } },
    {
      "type": "wokwi-resistor",
      "id": "r1",
      "top": 51.95,
      "left": 86.4,
      "attrs": { "value": "220" }
    },
    {
      "type": "wokwi-resistor",
      "id": "r2",
      "top": 128.75,
      "left": 96,
      "attrs": { "value": "220" }
    }
  ],
  "connections": [
    [ "esp:TX", "$serialMonitor:RX", "", [] ],
    [ "esp:RX", "$serialMonitor:TX", "", [] ],
    [ "esp:GND.2", "r1:1", "black", [ "v0" ] ],
    [ "r1:1", "r2:1", "black", [ "v0" ] ],
    [ "led2:A", "esp:23", "green", [ "v9.6" ] ],
    [ "led1:A", "esp:22", "green", [ "v9.6", "h-67.2", "v-67.2" ] ],
    [ "led2:C", "r1:2", "green", [ "v28.8", "h38.8" ] ],
    [ "led1:C", "r2:2", "green", [ "v9.6", "h48.4" ] ]
  ],
  "dependencies": {}
}